icao24,indicatif,pays_origine,derniere_position,dernier_contact,longitude,latitude,altitude_barometrique,au_sol,vitesse_sol,cap,vitesse_verticale,altitude_geometrique,source_position,horodatage
c07bc7,WJA576,Canada,1786486657,1786486657,-78.0218,46.8549,10668.0,False,269.68,111.72,0.0,10850.88,0,2026-08-11 22:17:37+00:00
a16ff1,DAL218,United States,1786486656,1786486656,-63.7821,46.0172,10668.0,False,257.54,55.99,0.33,10881.36,0,2026-08-11 22:17:37+00:00
c07e2c,ACA1074,Canada,1786486651,1786486656,-73.7454,45.4588,,True,0.0,177.19,,,0,2026-08-11 22:17:37+00:00
addaa4,IRO7408,United States,1786486657,1786486657,-69.0617,45.4079,2514.6,False,87.43,207.32,0.0,2506.98,0,2026-08-11 22:17:37+00:00
c06a69,CGOHS,Canada,1786486634,1786486634,-73.3158,45.2435,175.26,False,32.09,221.1,-1.95,106.68,0,2026-08-11 22:17:37+00:00
c06a35,CGOFS,Canada,1786486657,1786486657,-73.6797,45.796,3291.84,False,90.51,40.39,7.48,3314.7,0,2026-08-11 22:17:37+00:00
c021af,CFMTQ,Canada,1786486578,1786486584,-79.9819,45.0388,1097.28,False,68.54,73.88,1.3,1059.18,0,2026-08-11 22:17:37+00:00
c058c0,,Canada,1786486639,1786486639,-59.7467,47.9227,12489.18,False,276.98,80.49,-0.33,,0,2026-08-11 22:17:37+00:00
c058ae,ROU1987,Canada,1786486656,1786486657,-67.9307,45.9654,9745.98,False,214.65,262.84,0.0,9928.86,0,2026-08-11 22:17:37+00:00
c058d5,ACA488,Canada,1786486643,1786486643,-73.7584,45.4632,,True,8.23,236.25,,,0,2026-08-11 22:17:37+00:00
c058bf,ACA847,Canada,1786486453,1786486453,-67.4788,49.5259,12146.28,False,236.94,230.82,-4.55,12321.54,0,2026-08-11 22:17:37+00:00
c02067,MAL7054,Canada,1786486657,1786486657,-66.7023,45.382,10363.2,False,213.5,280.55,0.0,10576.56,0,2026-08-11 22:17:37+00:00
70209e,BBC306,Bangladesh,1786486656,1786486657,-70.7896,45.6886,11269.98,False,277.22,71.16,-0.33,11490.96,0,2026-08-11 22:17:37+00:00
c07a7c,JZA7968,Canada,1786486484,1786486484,-73.7442,45.4584,,True,2.31,255.94,,,0,2026-08-11 22:17:37+00:00
c07a08,CGUFN,Canada,1786486614,1786486628,-73.4036,45.5208,121.92,False,23.67,227.64,-0.33,,0,2026-08-11 22:17:37+00:00
c0344b,AIE723,Canada,1786486657,1786486657,-74.4509,46.5432,7780.02,False,204.16,183.76,-9.75,7932.42,0,2026-08-11 22:17:37+00:00
3c4a01,DLH443,Germany,1786486657,1786486657,-63.708,48.5717,11269.98,False,269.08,78.75,0.0,11422.38,0,2026-08-11 22:17:37+00:00
c038c8,ACA843,Canada,1786486657,1786486657,-75.6663,46.9581,12192.0,False,230.37,223.28,0.33,12412.98,0,2026-08-11 22:17:37+00:00
c07fb8,WJA817,Canada,1786486657,1786486657,-74.1284,45.4061,3352.8,False,151.98,273.1,11.05,3368.04,0,2026-08-11 22:17:37+00:00
c03973,CFVTQ,Canada,1786486657,1786486657,-72.2979,46.35,2209.8,False,84.5,208.75,-1.95,2179.32,0,2026-08-11 22:17:37+00:00
c06d9b,PVL7692,Canada,1786486657,1786486657,-72.5783,45.3148,7620.0,False,197.08,94.34,0.0,7818.12,0,2026-08-11 22:17:37+00:00
0200cb,RAM208M,Morocco,1786486656,1786486656,-64.8143,48.6919,12184.38,False,237.68,247.88,-0.33,12367.26,0,2026-08-11 22:17:37+00:00
c05c24,AIE833,Canada,1786486390,1786486448,-70.3344,47.3412,5372.1,False,136.82,229.42,-6.18,5425.44,0,2026-08-11 22:17:37+00:00
c013b7,PSC713,Canada,1786486657,1786486657,-64.308,50.257,4953.0,False,128.2,267.7,0.0,4922.52,0,2026-08-11 22:17:37+00:00
c06f13,QUE20,Canada,1786486657,1786486657,-72.4461,46.9067,7955.28,False,191.92,312.28,6.83,8046.72,0,2026-08-11 22:17:37+00:00
c05ab2,WJA842,Canada,1786486637,1786486637,-65.7031,46.5654,11887.2,False,258.64,97.89,0.0,12092.94,0,2026-08-11 22:17:37+00:00
3965a4,AFR010,France,1786486631,1786486635,-59.1505,50.5851,10972.8,False,224.96,231.03,0.0,11117.58,0,2026-08-11 22:17:37+00:00
c06c53,PVL7723,Canada,1786486655,1786486655,-73.7436,45.4589,,True,3.6,233.44,,,0,2026-08-11 22:17:37+00:00
c07f5d,LSJ641,Canada,1786486355,1786486357,-71.3775,46.8024,152.4,False,69.12,225.0,-2.93,53.34,0,2026-08-11 22:17:37+00:00
a369be,ENY3602,United States,1786486603,1786486603,-73.7552,45.4558,,True,0.0,154.69,,,0,2026-08-11 22:17:37+00:00
c06aac,,Canada,1786486651,1786486651,-73.7284,45.4707,,True,11.32,42.19,,,0,2026-08-11 22:17:37+00:00
c06aad,CGOKI,Canada,1786486656,1786486656,-73.0788,45.6952,2392.68,False,136.13,232.52,-4.55,2400.3,0,2026-08-11 22:17:37+00:00
c06b60,PNO733,Canada,1786486657,1786486657,-73.6646,45.5158,457.2,False,67.0,222.51,-4.55,381.0,0,2026-08-11 22:17:37+00:00
3b7765,CTM2034,France,1786486657,1786486657,-63.2728,49.3658,10050.78,False,206.2,98.9,-1.3,10149.84,0,2026-08-11 22:17:37+00:00
c04051,ROU2065,Canada,1786486657,1786486657,-71.6935,45.621,10355.58,False,205.27,264.25,0.0,10553.7,0,2026-08-11 22:17:37+00:00
c04052,ROU1995,Canada,1786486657,1786486657,-67.5165,46.6906,10980.42,False,213.28,230.09,0.33,11148.06,0,2026-08-11 22:17:37+00:00
c0404e,WJA841,Canada,1786486584,1786486584,-69.4992,48.5961,10972.8,False,211.13,306.48,0.33,11071.86,0,2026-08-11 22:17:37+00:00
c0404f,ROU1957,Canada,1786486656,1786486656,-77.2287,45.0098,9761.22,False,213.12,240.34,0.0,10012.68,0,2026-08-11 22:17:37+00:00
c0799a,TSC690,Canada,1786486657,1786486657,-67.4687,46.0811,11887.2,False,271.65,76.75,0.0,12115.8,0,2026-08-11 22:17:37+00:00
406f79,BAW243,United Kingdom,1786486592,1786486646,-61.7472,46.8213,10965.18,False,233.25,230.73,-0.33,11178.54,0,2026-08-11 22:17:37+00:00
406f78,BAW99,United Kingdom,1786486657,1786486657,-67.4956,48.6553,12192.0,False,234.81,237.98,0.0,12352.02,0,2026-08-11 22:17:37+00:00
394a11,AFR344,France,1786486656,1786486657,-73.61,45.5792,830.58,False,97.21,222.64,-5.2,792.48,0,2026-08-11 22:17:37+00:00
c064c1,CGMEA,Canada,1786486657,1786486657,-73.3092,45.278,1249.68,False,74.48,84.05,-0.33,1211.58,0,2026-08-11 22:17:37+00:00
c0410b,CFYQK,Canada,1786486657,1786486657,-73.3656,45.5151,548.64,False,38.4,39.02,-0.33,,0,2026-08-11 22:17:37+00:00
c052ca,WJA793,Canada,1786486657,1786486657,-71.7365,48.1446,10363.2,False,212.56,292.03,0.0,10454.64,0,2026-08-11 22:17:37+00:00
c07797,CGTHM,Canada,1786486510,1786486511,-72.2011,45.2599,701.04,False,63.04,116.15,-4.55,632.46,0,2026-08-11 22:17:37+00:00
c07753,CGTEW,Canada,1786486656,1786486657,-76.3233,45.3746,1402.08,False,89.11,217.73,-0.33,1402.08,0,2026-08-11 22:17:37+00:00
abb9eb,N855A,United States,1786486390,1786486390,-73.4239,45.5195,,True,4.12,309.38,,,0,2026-08-11 22:17:37+00:00
406d7a,BAW171,United Kingdom,1786486657,1786486657,-67.4005,47.3133,12192.0,False,238.88,227.62,-0.33,12390.12,0,2026-08-11 22:17:37+00:00
c088fb,WJA791,Canada,1786486585,1786486585,-65.1402,46.1375,4130.04,False,177.67,310.66,4.88,4130.04,0,2026-08-11 22:17:37+00:00
c062b7,CGLJY,Canada,1786486657,1786486657,-73.0227,45.3706,647.7,False,53.07,258.25,0.0,579.12,0,2026-08-11 22:17:37+00:00
c00e15,ACA697,Canada,1786486657,1786486657,-69.0682,46.5076,10972.8,False,210.93,247.94,0.33,11155.68,0,2026-08-11 22:17:37+00:00
c0636e,PTR2398,Canada,1786486546,1786486556,-73.7475,45.4745,,True,23.15,222.19,,,0,2026-08-11 22:17:37+00:00
c06590,ACA753,Canada,1786486515,1786486515,-73.7495,45.4593,,True,0.0,180.0,,,0,2026-08-11 22:17:37+00:00
c05219,ROU2017,Canada,1786486656,1786486656,-63.1322,46.2561,594.36,False,83.29,186.03,4.55,502.92,0,2026-08-11 22:17:37+00:00
c07861,CGTPG,Canada,1786486656,1786486656,-79.8559,45.294,601.98,False,53.82,324.33,3.58,563.88,0,2026-08-11 22:17:37+00:00
3949e5,AFR327,France,1786486656,1786486656,-69.2824,47.6496,11277.6,False,275.3,65.25,0.0,11414.76,0,2026-08-11 22:17:37+00:00
3949f7,AFR346,France,1786486657,1786486657,-72.7631,45.8161,3985.26,False,154.42,241.98,-7.48,4038.6,0,2026-08-11 22:17:37+00:00
c055b1,CGGLS,Canada,1786486656,1786486657,-75.3245,45.4874,1737.36,False,63.28,89.07,0.0,1722.12,0,2026-08-11 22:17:37+00:00
06a1ed,QTR8173,Qatar,1786486657,1786486657,-65.8249,45.424,10058.4,False,275.08,61.52,0.0,10271.76,0,2026-08-11 22:17:37+00:00
4cc573,ICE43E,Iceland,1786486657,1786486657,-71.0537,46.2637,11582.4,False,219.27,211.86,0.0,11788.14,0,2026-08-11 22:17:37+00:00
3f9a92,GAF856,Germany,1786486656,1786486656,-75.457,47.4406,10668.0,False,230.84,14.72,0.0,10789.92,0,2026-08-11 22:17:37+00:00
c041bc,ROU1606,Canada,1786486650,1786486650,-73.723,45.4748,,True,12.35,42.19,,,0,2026-08-11 22:17:37+00:00
408120,VIR117F,United Kingdom,1786486656,1786486656,-65.0702,48.9852,11582.4,False,230.7,223.55,0.0,11711.94,0,2026-08-11 22:17:37+00:00
4952ac,TAP209K,Portugal,1786486657,1786486657,-59.0342,46.0491,12192.0,False,218.03,249.13,0.0,12458.7,0,2026-08-11 22:17:37+00:00
4b187d,SWR52,Switzerland,1786486406,1786486406,-58.5797,50.862,12192.0,False,233.56,231.44,0.0,12359.64,0,2026-08-11 22:17:37+00:00
3c65ab,DLH3Y,Germany,1786486650,1786486653,-66.7323,47.7342,11582.4,False,239.55,227.26,0.0,11727.18,0,2026-08-11 22:17:37+00:00
4b1885,SWR18P,Switzerland,1786486650,1786486652,-65.7436,48.392,11582.4,False,229.97,226.45,0.0,11727.18,0,2026-08-11 22:17:37+00:00
c07071,PSC713,Canada,1786486656,1786486657,-71.8229,46.1803,3078.48,False,132.0,235.32,0.0,3070.86,0,2026-08-11 22:17:37+00:00
495303,TAP233,Portugal,1786486657,1786486657,-64.0506,45.4579,10363.2,False,204.81,244.72,-0.33,10599.42,0,2026-08-11 22:17:37+00:00
c01bc8,TOR800,Canada,1786486657,1786486657,-73.642,45.81,12192.0,False,205.27,233.56,0.0,12443.46,0,2026-08-11 22:17:37+00:00
3c6573,DLH449,Germany,1786486656,1786486656,-79.8489,45.5735,11887.2,False,305.33,66.67,-0.33,12192.0,0,2026-08-11 22:17:37+00:00
c083ed,CGXYY,Canada,1786486655,1786486655,-75.9931,45.3213,243.84,False,41.01,289.8,-1.95,190.5,0,2026-08-11 22:17:37+00:00
ab77a4,N838SB,United States,1786486656,1786486657,-74.9271,45.4483,7391.4,False,107.15,258.37,8.13,7559.04,0,2026-08-11 22:17:37+00:00
c083aa,WJA2903,Canada,1786486657,1786486657,-73.4574,45.5433,1249.68,False,110.01,34.14,0.33,1219.2,0,2026-08-11 22:17:37+00:00
4080c0,BAW37J,United Kingdom,1786486655,1786486656,-63.245,49.8622,12184.38,False,239.17,228.84,0.33,12329.16,0,2026-08-11 22:17:37+00:00
3c64f8,DLH420,Germany,1786486656,1786486656,-64.107,49.4119,11582.4,False,225.73,227.4,0.0,11704.32,0,2026-08-11 22:17:37+00:00
3c64ee,DLH404,Germany,1786486648,1786486656,-65.3952,47.64,12192.0,False,223.87,222.86,0.0,12382.5,0,2026-08-11 22:17:37+00:00
469101,GNJ68,Greece,1786486657,1786486657,-67.5583,46.3236,8595.36,False,200.95,212.35,-5.2,8763.0,0,2026-08-11 22:17:37+00:00
c08441,CGYCE,Canada,1786486657,1786486657,-73.3741,45.5373,365.76,False,31.78,240.95,-0.33,,0,2026-08-11 22:17:37+00:00
a913d6,UAL135,United States,1786486657,1786486657,-63.6465,49.6769,11582.4,False,223.58,227.61,0.0,11689.08,0,2026-08-11 22:17:37+00:00
484445,KLM204,Kingdom of the Netherlands,1786486657,1786486657,-73.009,46.3451,11277.6,False,273.93,61.51,0.0,11475.72,0,2026-08-11 22:17:37+00:00
a5325b,DAL256,United States,1786486650,1786486650,-61.7192,45.2415,11887.2,False,270.73,68.02,0.0,12161.52,0,2026-08-11 22:17:37+00:00
a05648,UAL944,United States,1786486657,1786486657,-70.5892,47.5201,10050.78,False,286.65,77.98,-0.33,10172.7,0,2026-08-11 22:17:37+00:00
a95d08,N702LT,United States,1786486657,1786486657,-77.256,45.091,12961.62,False,211.87,229.04,2.28,13266.42,0,2026-08-11 22:17:37+00:00
c081a6,CRQ945,Canada,1786486657,1786486657,-73.7821,45.6829,2491.74,False,101.67,35.94,0.0,2484.12,0,2026-08-11 22:17:37+00:00
0a00cd,DAH2701,Algeria,1786486657,1786486657,-68.624,46.326,10668.0,False,262.3,62.68,0.33,10843.26,0,2026-08-11 22:17:37+00:00
7608fa,PIA790,Pakistan,1786486328,1786486369,-75.5822,48.7868,10058.4,False,254.55,31.7,0.0,10134.6,0,2026-08-11 22:17:37+00:00
c08853,POE190,Canada,1786486657,1786486657,-73.8922,46.2589,9144.0,False,218.79,243.31,0.0,9288.78,0,2026-08-11 22:17:37+00:00
c060bc,POE392,Canada,1786486656,1786486656,-79.5279,47.5937,11277.6,False,272.63,116.57,0.65,11445.24,0,2026-08-11 22:17:37+00:00
c060b8,PTR2510,Canada,1786486657,1786486657,-75.7527,45.0353,7307.58,False,169.76,231.15,0.33,7505.7,0,2026-08-11 22:17:37+00:00
c060b9,PTR2572,Canada,1786486656,1786486657,-75.5812,45.2725,541.02,False,58.34,307.48,-2.93,487.68,0,2026-08-11 22:17:37+00:00
c0619b,POE472,Canada,1786486657,1786486657,-68.0241,45.4925,9144.0,False,223.16,285.51,0.0,9319.26,0,2026-08-11 22:17:37+00:00
c1e474,VTP181,Canada,1786486537,1786486537,-73.7533,45.4592,,True,1.8,205.31,,,0,2026-08-11 22:17:37+00:00
c06193,POE258,Canada,1786486647,1786486647,-63.6649,48.8224,9144.0,False,214.41,263.39,-0.33,9235.44,0,2026-08-11 22:17:37+00:00
c1e429,,Canada,1786486364,1786486364,-73.7626,45.4543,,True,8.23,345.94,,,0,2026-08-11 22:17:37+00:00
ab8b80,IRO8107,United States,1786486656,1786486656,-68.8484,45.6794,2522.22,False,91.11,206.85,-0.33,2506.98,0,2026-08-11 22:17:37+00:00
c0635b,PTR2473,Canada,1786486657,1786486657,-73.5556,45.6685,960.12,False,109.85,114.04,-0.33,922.02,0,2026-08-11 22:17:37+00:00
c06358,PTR2368,Canada,1786486654,1786486655,-63.9363,46.0929,6705.6,False,109.2,261.6,5.53,6827.52,0,2026-08-11 22:17:37+00:00
aa6b9d,UAL933,United States,1786486657,1786486657,-66.044,45.0873,11582.4,False,232.47,225.81,-0.33,11849.1,0,2026-08-11 22:17:37+00:00
c074fb,CGSHU,Canada,1786486657,1786486657,-70.1971,46.7574,12496.8,False,258.58,78.76,-0.33,12710.16,0,2026-08-11 22:17:37+00:00
c1e4b5,ESC736,Canada,1786486627,1786486627,-73.6536,45.5252,,True,3.86,286.88,,,0,2026-08-11 22:17:37+00:00
c061a2,POE256,Canada,1786486657,1786486657,-69.6877,45.7958,11582.4,False,204.5,283.83,0.33,11780.52,0,2026-08-11 22:17:37+00:00
c00d6c,CFFCD,Canada,1786486657,1786486657,-73.2539,45.6807,1920.24,False,136.54,253.14,-5.85,1912.62,0,2026-08-11 22:17:37+00:00
c00d10,PRO4700M,Canada,1786486656,1786486657,-73.8277,45.4579,1470.66,False,70.51,299.74,8.78,1470.66,0,2026-08-11 22:17:37+00:00
c07321,CGRPO,Canada,1786486656,1786486657,-76.0713,47.1292,8229.6,False,177.98,144.89,0.0,8374.38,0,2026-08-11 22:17:37+00:00
c01d92,CFLFD,Canada,1786486657,1786486657,-71.0772,46.9223,1440.18,False,78.19,219.66,0.33,1379.22,0,2026-08-11 22:17:37+00:00
c08575,CGYOA,Canada,1786486657,1786486657,-71.956,46.5303,1874.52,False,53.7,260.63,0.0,1836.42,0,2026-08-11 22:17:37+00:00
a8ac35,UAL3,United States,1786486656,1786486656,-78.2406,46.1203,10066.02,False,281.46,72.23,0.0,10264.14,0,2026-08-11 22:17:37+00:00
c05dd8,JZA12,Canada,1786486657,1786486657,-74.2981,45.875,3489.96,False,164.81,135.89,-4.88,3512.82,0,2026-08-11 22:17:37+00:00
c04ad7,CGCIW,Canada,1786486451,1786486452,-71.7997,45.4191,914.4,False,77.51,77.35,-3.25,853.44,0,2026-08-11 22:17:37+00:00
a74ecc,DAL160,United States,1786486656,1786486657,-79.3246,46.8435,11277.6,False,303.88,78.58,0.0,11475.72,0,2026-08-11 22:17:37+00:00
8966c7,ETD76T,United Arab Emirates,1786486654,1786486655,-63.6964,46.8494,10668.0,False,268.24,66.73,0.0,10850.88,0,2026-08-11 22:17:37+00:00
ac5fd6,FDX92,United States,1786486657,1786486657,-68.9354,46.4971,11277.6,False,269.34,73.12,0.0,11452.86,0,2026-08-11 22:17:37+00:00
c05edd,ACA7114,Canada,1786486630,1786486633,-74.0308,45.6782,,True,0.13,98.44,,,0,2026-08-11 22:17:37+00:00
c001e6,ASP524,Canada,1786486552,1786486553,-65.4838,48.0418,4655.82,False,162.25,225.77,-8.45,5326.38,0,2026-08-11 22:17:37+00:00
c05d94,PRO4100M,Canada,1786486657,1786486657,-74.3689,45.7201,4320.54,False,94.27,313.01,0.0,4389.12,0,2026-08-11 22:17:37+00:00
c05d3c,JZA640,Canada,1786486535,1786486535,-73.7204,45.4768,,True,9.26,42.19,,,0,2026-08-11 22:17:37+00:00
c027a8,PVL7691,Canada,1786486657,1786486657,-71.5257,45.6326,7315.2,False,158.74,264.23,0.0,7482.84,0,2026-08-11 22:17:37+00:00
c0153b,WJA2909,Canada,1786486653,1786486653,-73.7537,45.4697,,True,24.69,222.19,,,0,2026-08-11 22:17:37+00:00
c05e8f,CGJVA,Canada,1786486582,1786486582,-73.4076,45.5166,,True,3.6,143.44,,,0,2026-08-11 22:17:37+00:00
c015c9,BBA535,Canada,1786486657,1786486657,-78.1519,46.1532,10668.0,False,255.83,201.72,0.0,10896.6,0,2026-08-11 22:17:37+00:00
3c7a49,CFG017,Germany,1786486657,1786486657,-60.0087,45.0065,11887.2,False,271.21,72.22,0.33,12184.38,0,2026-08-11 22:17:37+00:00
aad72c,N798QS,United States,1786486657,1786486657,-70.8859,46.1085,13106.4,False,231.05,207.88,0.0,13365.48,0,2026-08-11 22:17:37+00:00
c02966,WJA795,Canada,1786486648,1786486648,-73.7098,49.3852,10972.8,False,216.05,309.3,0.33,11026.14,0,2026-08-11 22:17:37+00:00
c04a7f,CGCFM,Canada,1786486656,1786486657,-77.376,45.1648,7216.14,False,114.92,86.66,1.95,7414.26,0,2026-08-11 22:17:37+00:00
c00930,PSC581,Canada,1786486656,1786486656,-72.1044,45.7756,3985.26,False,142.13,51.76,0.0,4008.12,0,2026-08-11 22:17:37+00:00
348351,IBE03KK,Spain,1786486642,1786486642,-62.4591,45.9722,10972.8,False,209.3,245.77,0.0,11209.02,0,2026-08-11 22:17:37+00:00
3c4594,BOX464,Germany,1786486657,1786486657,-73.9708,48.6834,10972.8,False,239.91,219.08,-0.33,11056.62,0,2026-08-11 22:17:37+00:00
39c495,,France,1786486640,1786486640,-58.3531,50.6084,12192.0,False,239.78,244.59,0.0,12344.4,0,2026-08-11 22:17:37+00:00
4cabec,EIN107,Ireland,1786486656,1786486657,-67.9505,45.2058,11582.4,False,219.64,227.94,0.0,11818.62,0,2026-08-11 22:17:37+00:00
c008a9,ACA667,Canada,1786486657,1786486657,-73.4238,45.7179,1661.16,False,104.54,233.81,-4.55,1653.54,0,2026-08-11 22:17:37+00:00
c04fd7,ACA306,Canada,1786486657,1786486657,-77.0616,46.3111,10668.0,False,277.63,98.31,0.0,10888.98,0,2026-08-11 22:17:37+00:00
c04fbb,ACA840,Canada,1786486654,1786486657,-66.8688,46.8928,11277.6,False,269.8,81.0,0.0,11452.86,0,2026-08-11 22:17:37+00:00
39c420,AFR343,France,1786486657,1786486657,-67.2662,48.0406,11269.98,False,276.62,76.12,-0.33,11414.76,0,2026-08-11 22:17:37+00:00
c005c5,ACA357,Canada,1786486657,1786486657,-75.8057,45.3949,1127.76,False,134.83,320.42,14.31,1082.04,0,2026-08-11 22:17:37+00:00
c00679,CRQ5873,Canada,1786486657,1786486657,-72.2564,46.1171,4945.38,False,121.31,233.28,0.0,4983.48,0,2026-08-11 22:17:37+00:00
c01968,ROU1883,Canada,1786486657,1786486657,-73.6852,45.5219,381.0,False,75.37,222.51,-3.58,327.66,0,2026-08-11 22:17:37+00:00
c00637,AIE855,Canada,1786486657,1786486657,-71.3477,46.7275,4358.64,False,105.32,214.85,0.0,4358.64,0,2026-08-11 22:17:37+00:00
c05fba,CGKGN,Canada,1786486657,1786486657,-69.9697,45.6818,12192.0,False,207.37,268.72,-0.33,12412.98,0,2026-08-11 22:17:37+00:00
a35c0b,00000000,United States,1786486641,1786486641,-74.0311,45.6771,,True,0.0,98.44,,,0,2026-08-11 22:17:37+00:00
3c66c1,DLH4J,Germany,1786486657,1786486657,-71.8178,46.3796,8001.0,False,197.53,224.68,-3.25,8145.78,0,2026-08-11 22:17:37+00:00
a1d546,UAL925,United States,1786486656,1786486657,-70.4027,45.2566,11582.4,False,226.52,230.34,0.33,11826.24,0,2026-08-11 22:17:37+00:00
3481d5,LOT4TL,Spain,1786486654,1786486654,-63.3367,52.4496,11582.4,False,237.7,211.73,0.33,11673.84,0,2026-08-11 22:17:37+00:00
